class,precision,recall,f1_score,support
anemia,0.6153846153846154,0.8888888888888888,0.7272727272727273,9
non_anemia,0.875,0.5833333333333334,0.7,12
