{
  "accuracy": 0.7142857142857143,
  "macro_precision": 0.7451923076923077,
  "macro_recall": 0.7361111111111112,
  "macro_f1": 0.7136363636363636,
  "weighted_precision": 0.7637362637362638,
  "weighted_recall": 0.7142857142857143,
  "weighted_f1": 0.7116883116883117
}