class,precision,recall,f1_score,support
Mild,0.875,0.7567567567567568,0.8115942028985508,37
Moderate,0.8290598290598291,0.9797979797979798,0.8981481481481481,99
No_DR,0.9725274725274725,0.9833333333333333,0.9779005524861878,180
Proliferate_DR,0.95,0.6551724137931034,0.7755102040816326,29
Severe,1.0,0.6842105263157895,0.8125,19
