class,precision,recall,f1_score,support
anemia,0.7678048780487805,0.98375,0.8624657534246576,800
non_anemia,0.9773913043478261,0.7025,0.8174545454545454,800
