class,precision,recall,f1_score,support
anemia,0.8157894736842105,0.8525,0.8337408312958435,800
non_anemia,0.8455497382198953,0.8075,0.8260869565217391,800
