{
  "accuracy": 0.83,
  "macro_precision": 0.8306696059520529,
  "macro_recall": 0.8300000000000001,
  "macro_f1": 0.8299138939087913,
  "weighted_precision": 0.830669605952053,
  "weighted_recall": 0.83,
  "weighted_f1": 0.8299138939087913
}