{
  "train_loss": [
    0.571809613108635,
    0.44819078505039217,
    0.3758130240440369,
    0.3544455376267433,
    0.3435326009988785,
    0.2767217992246151
  ],
  "train_acc": [
    73.9375,
    80.375,
    85.4375,
    85.375,
    85.9375,
    89.375
  ],
  "val_loss": [
    0.756531834602356,
    0.8206684589385986,
    0.7934948205947876,
    1.0776416063308716,
    1.1640651226043701,
    1.0475596189498901
  ],
  "val_acc": [
    71.42857142857143,
    61.904761904761905,
    71.42857142857143,
    57.14285714285714,
    57.14285714285714,
    57.14285714285714
  ]
}