class,precision,recall,f1_score,support
Abnormal(Ulcer),0.998003992015968,1.0,0.999000999000999,1500
Normal(Healthy skin),1.0,0.998,0.998998998998999,1500
