class,precision,recall,f1_score,support
Mild,0.8,0.21621621621621623,0.3404255319148936,37
Moderate,0.6405228758169934,0.98989898989899,0.7777777777777778,99
No_DR,0.9567567567567568,0.9833333333333333,0.9698630136986301,180
Proliferate_DR,0.9285714285714286,0.4482758620689655,0.6046511627906976,29
Severe,1.0,0.10526315789473684,0.19047619047619047,19
