class,precision,recall,f1_score,support
anemia,0.9071428571428571,0.9525,0.9292682926829269,800
non_anemia,0.95,0.9025,0.9256410256410257,800
