class,precision,recall,f1_score,support
anemia,0.5378175519630485,0.9315,0.681918008784773,2000
non_anemia,0.7444029850746269,0.1995,0.3146687697160883,2000
