{
  "accuracy": 0.5655,
  "macro_precision": 0.6411102685188377,
  "macro_recall": 0.5655,
  "macro_f1": 0.49829338925043065,
  "weighted_precision": 0.6411102685188377,
  "weighted_recall": 0.5655,
  "weighted_f1": 0.49829338925043065
}