class,precision,recall,f1_score,support
anemia,0.6422976501305483,0.9609375,0.7699530516431925,256
non_anemia,0.7619047619047619,0.1893491124260355,0.3033175355450237,169
