class,precision,recall,f1_score,support
Mild,0.8095238095238095,0.4594594594594595,0.5862068965517241,37
Moderate,0.784,0.98989898989899,0.875,99
No_DR,0.9777777777777777,0.9777777777777777,0.9777777777777777,180
Proliferate_DR,0.96,0.8275862068965517,0.8888888888888888,29
Severe,1.0,0.6842105263157895,0.8125,19
