{
  "accuracy": 0.9010989010989011,
  "macro_precision": 0.9062603174603175,
  "macro_recall": 0.7877865920697136,
  "macro_f1": 0.8280747126436783,
  "weighted_precision": 0.9077153322867608,
  "weighted_recall": 0.9010989010989011,
  "weighted_f1": 0.8943130026104164
}